날짜,이름,속성
"March 4, 2025",2025.03.04 Weekly,위클리
"February 25, 2025",2025.02.25 Weekly,위클리
"February 19, 2025",2025.02.19 Weekly,위클리
"February 11, 2025",2025.02.11 Weekly,위클리
"February 5, 2025",2025.02.05 Weekly,위클리
"January 21, 2025",2025.01.21 Weekly,위클리
"January 14, 2025",2025.01.14 Weekly,위클리
"January 7, 2025",2025.01.07 Weekly,위클리
"December 31, 2024",2024.12.31 Weekly,위클리
"December 24, 2024",2024.12.24 Weekly,위클리
"December 23, 2024",2024.12.23 Town-Hall,타운홀
"December 17, 2024",2024.12.17 Weekly,위클리
"December 3, 2024",2024.12.03 Weekly,위클리
"November 26, 2024",2024.11.26 Weekly,위클리
"November 19, 2024",2024.11.19 Weekly,위클리
"November 12, 2024",2024.11.12 Weekly,위클리
"November 5, 2024",2024.11.05 Weekly,위클리
"October 31, 2024",2024.10.31 Weekly,위클리
"October 22, 2024",2024.10.22 Weekly,위클리
"October 17, 2024",2024.10.17 Weekly,위클리
"October 8, 2024",2024.10.08 Weekly,위클리
"September 24, 2024",2024.09.24 Weekly,위클리
"September 12, 2024",2024.09.12 Weekly,위클리
"September 4, 2024",2024.09.04 Town-Hall,타운홀
"August 28, 2024",2024.08.28 Weekly,위클리
"August 20, 2024",2024.08.20 Weekly,위클리
"August 14, 2024",2024.08.14 Weekly,위클리
"August 6, 2024",2024.08.06 Town-Hall,타운홀
"July 30, 2024",2024.07.30 Weekly,위클리
"July 23, 2024",2024.07.23 Weekly,위클리
"July 16, 2024",2024.07.16 Weekly,위클리
"July 9, 2024",2024.07.09 Weekly,위클리
"July 2, 2024",2024.07.02 Weekly,위클리
"June 25, 2024",2024.06.25 Weekly,위클리
"June 18, 2024",2024.06.18 Weekly,위클리
"June 11, 2024",2024.06.11 Weekly,위클리
"June 4, 2024",2024.06.04 Weekly,위클리
"May 28, 2024",2024.05.28 Weekly,위클리
"May 21, 2024",2024.05.21 Weekly,위클리
"May 14, 2024",2024.05.14 Weekly,위클리
"May 7, 2024",2024.05.07 Weekly,위클리