회신 여부,이름,전화번호,성함,주소
No,한국공인중개사사무소,010-3208-0505,현은택,서울 강동구 상일동 280-2 102호
No,스카이폴리스스마트부동산공인중개사,010-9992-5177,임진우,경기 하남시 미사강변한강로 135 스카이폴리스 다동 134호
No,미사강변 공인중개사 사무소,010-5424-4989,김판옥,"경기 하남시 미사강변대로 135-1, 104호"
No,까치공인중개사사무소,010-3298-5300,이철용,서울 송파구 방이동 39 잠실 제니알 103호
No,하남홍앤리공인중개사사무소,010-3200-5524,홍석원,"경기도 하남시 미사강변서로 22 117호(풍산동,에코큐브지식산업센터)"
No,위례황금빛공인중개사사무소,010-5067-9453,오윤정,"경기 하남시 위례대로6길 20-2,위례호반써밋아파트 단지내상가 102호"
No,하남Q공인중개사사무소,010-2315-8604,김달호,경기도 하남시 감북동 391-15 1층
No,감북우리공인중개사사무소,010-5281-9910,노미,"경기도 하남시 감초로 5,1층"
No,한결부동산공인중개사사무소,010-2253-9495,사명숙,"경기도 하남시 감초로 71,감북동 1층"
No,땅박사공인중개사사무소,010-9081-6020,송재백,경기 하남시 감초로 205-8 103호
No,로또공인중개사사무소,010-8600-8949,이은주,"경기도 하남시 검단산로 61-8,1층"
No,성지공인중개사사무소,010-4106-4781,정현주,경기 하남시 초이동403-1 1층
No,벽산애니콜(단지내)공인중개사사무소,010-6500-3330,김태환,"경기도 하남시 신평로 36-2,103-1호 (덕풍동,벽산블루밍아파트상가)"
No,하남더샵공인중개사사무소,010-7900-4940,함용재,경기도 하남시 덕풍동 946 단지내상가 104호
No,명품이소장공인중개사사무소,010-4456-0327,이은열,경기도 하남시 신우실로 100 102호(감이동)
No,동광공인중개사사무소,010-8756-4756,김정분,경기 하남시 광암동37-1 1층 102호
No,주식회사우성부동산중개법인,010-8871-5896,신우성,경기 하남시 미사강변한강로334번길 65 (망월동) 101호
No,황산공인중개사사무소,010-9256-4989,경영호,경기도 하남시 초이동 276-8 1층
No,이소부동산중개법인주식회사,010-6615-1256,윤창선,경기도 하남시 광암동 402
No,주식회사황금부동산중개법인,010-9270-6003,김희숙,"경기도 하남시 하남대로 1039,풍산동"
No,하남1번지공인중개사사무소,010-4933-5011,유란이,경기 하남시 초이동164-7
No,대산공인중개사사무소,010-6600-3120,김정수,경기도 하남시 감북동 358
No,귀빈공인중개사사무소,010-5419-1095,박경애,경기도 하남시 감일동 114-13
No,아리수공인중개사사무소,010-4327-0403,한수정,경기 하남시 망월동1083-1 107호
No,미사금터공인중개사사무소,010-8630-3457,박종찬,"경기도 하남시 미사동로 40,(미사동)"
No,하남시복덕방공인중개사사무소,010-4939-2919,정준호,"경기 하남시 신장로 114,1312호(아이시티)"
No,두산위브공인중개사사무소,010-6701-5674,조정숙,경기도 하남시 신장동 455-34 1층
No,조은공인중개사사무소,010-9698-8300,황영숙,경기도 하남시 신장동 448-6
No,행복공인중개사사무소,010-4267-7177,주병호,경기 하남시 천현동610-7 1층
No,하남창고공인중개사사무소,010-5227-4320,최낙형,경기도 하남시 천현동 43-10 (천현동)
No,하남웰컴공인중개사사무소,010-8786-7232,최민호,경기 하남시 신장동 450-7
No,하남카카오공인중개사사무소,010-3474-9939,박은정,경기도 하남시 감일백제로180번길 9 호평프라자 107호
No,보람공인중개사사무소,010-7654-5400,김기섭,경기도 하남시 천현동 539-6 (천현동)
No,Biz황금공인중개사사무소,010-3376-8293,안한진,경기도 하남시 풍산동 218-29