이름,주소,연락처,성함,발신,수신,수
대성공인중개사사무소,경기 화성시 마도면 두곡리402-16 우리홈타운 102동 101호,010-3672-7913,김정환,Yes,Yes,진행 중
수원다나와공인중개사사무소,"경기도 수원시 팔달구 효원로235번길 46-2, 202호 (인계동)",010-8464-6638,김태윤,Yes,No,시작 전
마라톤맨부동산중개사무소,경기 화성시 봉담읍 삼천병마로 963 마라톤맨부동산,010-2346-9888,이봉주,Yes,No,시작 전
우남블루존공인중개사사무소,"경기 화성시 화산북로 12,우남블루존아파트 단지내상가 103호",010-2773-7347,김미순,Yes,No,시작 전
365부동산공인중개사사무소,경기 수원시 권선구 고색동 959 휴먼스카이밸리 1층 103-1호,010-2970-3656,이응주,Yes,No,시작 전
미래공인중개사사무소,경기도 화성시 정남면 신리 156-3,010-8628-8808,최정현,Yes,No,시작 전
신세계공인중개사사무소,경기도 화성시 정남면 127-13,010-6811-0113,최지혜,Yes,No,시작 전
동탄1공인중개사사무소,경기 화성시 반송동134 솔빛마을 신도브래뉴 상가동1층 104호,010-7253-4969,서영술,Yes,No,시작 전
공장드림공인중개사사무소,경기 화성시 팔탄면 시청로 860,010-5515-8580,안효원,Yes,No,시작 전
이음공인중개사사무소,경기도 화성시 팔탄면 380 지 4호,010-8977-0001,이현우,Yes,No,시작 전
박사공인중개사사무소,"경기 화성시 팔탄면 시청로 839 , 104호",010-6623-8798,김선태,Yes,No,시작 전
덕수공인중개사사무소,경기도 화성시 팔탄면 구장리 28-1 2동 3호,010-5410-4977,김용식,Yes,No,시작 전
산들공인중개사사무소,경기도 화성시 봉담읍 왕림리 113-5 101호,010-8821-7493,김지현,Yes,No,시작 전
한양부동산공인중개사사무소,경기 화성시 팔탄면 무하로 226 101호,010-2386-3135,박희조,Yes,No,시작 전
제1공장공인중개사사무소,경기 화성시 양감면 은행나무로 327 제1공장공인중개사사무소,010-8884-2268,임우성,Yes,No,시작 전
대성공인중개사사무소,경기도 화성시 팔탄면 율암리 133-1 10동 102호,010-4331-9052,황정섭,Yes,No,시작 전
화양지구SK공인중개사사무소,"경기도 평택시 안중읍 송담9길 107-6, 101호",010-2927-6097,정유나,Yes,No,시작 전
희성공인중개사사무소,경기도 수원시 권선구 서둔동 200-38 1층,010-3387-9918,강권희,Yes,No,시작 전
THE골드공인중개사사무소,경기 시흥시 공단1대로 204 지원상가동 111호(신한은행 건물),010-7654-8400,차범서,Yes,No,시작 전
초대박부동산공인중개사사무소,경기 화성시 봉담읍 장등2길 5-7 104호,010-3067-8711,박주철,Yes,No,시작 전
성공부동산공인중개사사무소,경기도 화성시 송산면 화성로 593 101호,010-4409-0701,김성완,Yes,No,시작 전
국토공인중개사사무소,경기 화성시 정남면 세자로 269 1층,010-8993-9115,김선아,Yes,No,시작 전
천조공인중개사사무소,경기도 수원시 권선구 금곡동 1115-2 로얄팰리스2차 비119호,010-8489-4924,강성운,Yes,No,시작 전
미래공인중개사사무소,경기도 수원시 권선구 탑동 25-43 세양청마루@정문앞,010-2866-6246,강호옥,Yes,No,시작 전
최강부동산중개,경기 화성시 비봉면 삼화리545-1 102호 최강부동산중개,010-9960-8268,박정호,Yes,No,시작 전
정도공인,경기도 화성시 정남면 백리 23,010-5670-5300,정도영,Yes,No,시작 전
주식회사더한부동산중개법인,경기도 화성시 남양읍 신남리 1308,010-4312-1082,정한솔,Yes,No,시작 전
스카이공인중개사사무소,경기 화성시 봉담읍 마하리208-4 101호,010-4272-0072,유장선,Yes,No,시작 전
지제역공인중개사사무소,"경기 평택시 죽백4로 16,근생1동1-101 호 (죽백동,소사벌더샵마스터뷰)",010-5892-5111,서연수,Yes,No,시작 전
무송공인중개사사무소,경기도 화성시 남양읍 무송리 196-5 무송공인중개사사무소,010-7271-8685,윤만기,Yes,No,시작 전
대명공인중개사사무소,경기도 화성시 정남면 시청로 1785 1층,010-4505-8684,윤미란,Yes,No,시작 전
산들부동산공인중개사사무소,경기도 화성시 향남읍 화리현리 산들부동산공인중개사사무소,010-5287-1598,박영민,Yes,No,시작 전
내토지공인중개사사무소,경기도 화성시 남양읍 963-6 1층 4호,010-5754-6727,이종미,Yes,No,시작 전
네모공인중개사사무소,경기도 화성시 봉담읍 최루백로 343 (수기리) 105호,010-4416-9898,이상현,Yes,No,시작 전
우방카페(298-4949)공인중개사사무소,경기도 화성시 기안동 928,010-3181-1367,허지원,Yes,No,시작 전
한별공인중개사사무소,경기 화성시 용주로 40 라펠리체101호,010-8078-9523,김지수,Yes,No,시작 전
스타공인중개사사무소,경기도 화성시 봉담읍 최루백로 362,010-4005-6002,김근희,Yes,No,시작 전
부동산가이드공인중개사,경기도 화성시 봉담읍 와우리 38-21,010-6329-3558,양은희,Yes,No,시작 전
대륙공인중개사사무소,"경기도 수원시 권선구 고색동 368-1 상가동 106호(고색동, 대한아파트)",010-9345-5763,오대환,Yes,No,시작 전
솔로몬부동산중개,경기도 화성시 팔탄면 지월리 434-1,010-3924-1020,이주현,Yes,No,시작 전
IM공인중개사사무소,경기 오산시 벌음동 134-64,010-9104-9450,김태은,Yes,No,시작 전
N.C공인중개사사무소,경기 화성시 향남읍 향남로 516 102호 N.C공인중개사 사무소,010-8933-1280,김학윤,Yes,No,시작 전
현대홈타운공인중개사,경기도 화성시 송산동 168-25,010-7320-1605,이현숙,Yes,No,시작 전
조은부동산중개,경기도 화성시 봉담읍 왕림리 404-19 102호,010-8943-9160,남윤정,Yes,No,시작 전
동방부동산공인중개사사무소,경기 화성시 팔탄면 온천로 273 1동 3호,010-3459-8924,박재순,Yes,No,시작 전
파란하늘공인중개사사무소,경기도 화성시 봉담읍 마하리 341,010-3217-7053,배충기,Yes,No,시작 전
산내들부동산중개(주),경기도 오산시 벌음동 134-18,010-5211-7015,이종석,Yes,No,시작 전
메가부동산공인중개사사무소,경기도 화성시 봉담읍 시청로 1485 1층 일부,010-2214-3160,노현우,Yes,No,시작 전
윈(WIN)부동산행정사 공인중개사사무소,경기도 화성시 남양읍 신남리 113-3,010-8987-4169,정용조,Yes,No,시작 전
(주)연세부동산중개법인,경기 화성시 정남면 발안로 997 101호,010-8385-9969,강진희,Yes,No,시작 전