이름,주소,성함,연락처,회신 여부,선택
신일공인중개사사무소,"경기도 광주시 문형동 473-2, 105호",노미영,010-9274-3043,No,
만복공인중개사사무소,경기도 광주시 문형동 719-21,박종면,010-9409-1177,No,
도경공인중개사사무소,경기도 광주시 신현동 722-1,이상구,010-8235-5008,No,
공장박사공인중개사사무소,경기도 광주시 초월읍 장담길 1,황병옥,010-4941-9491,No,
선데이부동산중개사무소,경기도 광주시 경안동 122-32 1층,송선영,010-7567-7507,No,
삼성공인중개사사무소,"경기도 광주시 회덕동 265-2, 104호",이민창,010-8949-9034,No,
(주)삼동공장부동산중개법인,경기도 광주시 삼동 226-7,남상태,010-6648-2824,No,
플러스공인중개사사무소,경기도 광주시 중대동 260-3,권혁송,010-8001-8458,No,
복덩이공인중개사사무소,경기 용인시 처인구 남사읍 아곡리702 한숲스퀘어 그린 122-1호,김현준,010-4529-8037,No,
부동산뉴스공인중개사,"경기도 용인시
  수지구 대지로 18 104-1호(죽전동,대지빌딩)",최광숙,010-8956-8018,No,
지구촌공인중개사사무소,경기도 용인시 기흥구 보라동 455-5,임광석,010-6215-7010,No,
이새공인중개사사무소,경기 용인시 수지구 고기동224-1 1층,김희정,010-3263-7854,No,
데시앙세종공인중개사사무소,경기 용인시 처인구 금령로12번길 50 (김량장동) 1층,변미숙,010-7419-3355,No,
황금공인중개사사무소,경기도 용인시 처인구 김량장동 314 2호,윤채은,010-2703-4988,No,
부영공인중개사사무소,경기도 용인시 처인구 남사읍 북리 618,정애경,010-5778-3060,No,
남사복공인중개사사무소,"경기도 용인시 처인구 남사읍 경기동로 127,1층",이숙희,010-6241-2174,No,
하나인공인중개사사무소,경기 용인시 처인구 남사읍 처인성로 5,이인영,010-4471-4326,No,
천사공인중개사사무소,경기 용인시 처인구 남사읍 봉명리387-5,김계화,010-2339-7006,No,
,,,,No,
,,,,No,
,,,,No,
,,,,No,
,,,,No,
,,,,No,
,,,,No,
,,,,No,
,,,,No,
,,,,No,
,,,,No,
,,,,No,
,,,,No,
,,,,No,
,,,,No,
,,,,No,
,,,,No,
,,,,No,
,,,,No,
,,,,No,
,,,,No,
,,,,No,
,,,,No,
,,,,No,
,,,,No,
,,,,No,
,,,,No,
,,,,No,
,,,,No,