이름,주소,연락처,상태
써치공인중개사사무소,광주광역시 광산구 월계동 771-1 2층,010-9570-0082,진행 중
(주)스마일부동산중개법인,"광주광역시 북구 군왕로 311(각화동, 휴먼파크 서희스타힐스),301동 6호",010-7612-0480,시작 전
명품공인중개사사무소,광주광역시 북구 각화동 412-28 제2층 201호,010-7655-8260,시작 전
성균관공인중개사사무소,광주광역시 북구 동림동 649,010-4631-4869,시작 전
다정한이대표공인중개사사무소,광주광역시 광산구 도산동 832,010-8339-8378,시작 전
산솔공인중개사사무소,광주광역시 서구 치평동 1187 718호,010-7907-1628,시작 전
빛나는공인중개사사무소,광주광역시 서구 화정동 743-47,010-7289-0212,시작 전
초원공인중개사사무소,광주광역시 북구 두암동 561-5 지하 1층,010-8121-9882,시작 전
두암동공인중개사사무소,광주광역시 북구 두암동 851-14 (두암동),010-3631-1252,시작 전
초원공인중개사무소,광주광역시 북구 두암동 561-5 지하1층,010-8121-9882,시작 전
현대+공인중개사사무소,광주광역시 북구 두암동 561-5,010-9455-7780,시작 전
금빛공인중개사사무소,광주광역시 북구 용봉동 1488 101-102,010-8666-1407,시작 전
무등공인중개사사무소,광주광역시 북구 문흥동 1010-1,010-7605-8293,시작 전
전라공인중개사사무소,광주광역시 광산구 우산동 1057-8,010-3157-4358,시작 전
삼성공인중개사사무소,광주광역시 북구 문흥동 1003-1,010-9474-4080,시작 전
문흥공인중개사사무소,광주광역시 북구 문흥동 972-4,010-8672-1038,시작 전
상록공인중개사사무소(공동),광주광역시 북구 문흥동 1011-5,010-3641-4021,시작 전
동아공인중개사사무소,광주광역시 북구 문흥동 996-1 우미1차@상가 103호,010-2626-1499,시작 전
다올공인중개사사무소,광주광역시 동구 계림동 518-1,010-4600-1111,시작 전
써치공인중개사사무소,광주 광산구 월계동771-1 2층(월계동),010-9570-0082,시작 전
세진공인중개사사무소,광주광역시 북구 본촌동 770-23,010-6542-8846,시작 전
부동산1번가공인중개사사무소,광주광역시 북구 양산동 1027,010-2126-9029,시작 전
홈즈공인중개사,광주광역시 북구 용두동 1066-3,010-4368-8976,시작 전
본촌금탑공인중개사사무소,광주광역시 북구 본촌동 320,010-2928-1751,시작 전
인스타 공인중개사사무소,광주광역시 북구 본촌동 2861,010-3954-5779,시작 전
골드클래스공인중개사사무소,"광주광역시 서구 죽봉대로 17 상가103시동 106호(화정동, 광주 화정동 골드클래스 주상복합)",010-4135-8090,시작 전
써니공인중개사사무소,광주광역시 북구 중흥동 670-11 광주광역시,010-3077-5288,시작 전
명진공인중개사사무소,광주광역시 광산구 신가동 102호,010-6385-4779,시작 전
대박공인중개사사무소,"광주 북구 설죽로 419,114동 B105호(삼각동)",010-8536-8518,시작 전
더큰공인중개사무소,광주광역시 북구 양산동 124 상가 106호,010-8127-1213,시작 전
일곡엘리체공인중개사사무소,광주광역시 북구 삼각동 835 116동 B101호,010-5030-6442,시작 전
로뎀공인중개사사무소,광주광역시 서구 화정동 743-4,010-7196-1574,시작 전
제일공인중개사사무소,광주광역시 북구 무등로180번길 12 116호 (신안동),010-3993-6802,시작 전
스마일공인중개사사무소,"광주 북구 신안동821 단지내상가 118호(신안동, 모아엘가)",010-9009-2587,시작 전
더(THE)푸른공인중개사무소,광주광역시 서구 동천동 619 6층 115호,010-7255-7710,시작 전
예스공인중개사사무소,광주광역시 북구 유동 94-5 1층,010-5158-7667,시작 전
월드부동산중개법인주식회사,광주광역시 북구 용봉동 146-9,010-2959-2707,시작 전
제일공인중개사사무소,광주광역시 북구 신안동 134-7 116호,010-3993-6802,시작 전
비너스공인중개사사무소,광주광역시 북구 신안동 477-8 하우시스 101호,010-8478-8856,시작 전
더원탑공인중개사사무소,"광주 북구 임방울대로1042번길 14,105호(용두동)",010-2646-4360,시작 전
비타민공인중개사사무소,광주광역시 북구 신용동 752,010-4919-4225,시작 전
첨단2지구공인중개사사무소,광주광역시 북구 신용동 720 107호,010-7628-0664,시작 전
굿모닝공인중개사무소,광주광역시 북구 신용동 684 220동 102호,010-7696-1543,시작 전
첨단1등공인중개사사무소,광주광역시 북구 신용동 720 104호,010-4627-7585,시작 전
첨단2지구부영공인중개사사무소,광주광역시 북구 첨단연신로 166 (신용동) 112호,010-8308-4443,시작 전
원탑부동산중개사무소,광주광역시 북구 용두동 311-44 105호,010-4611-8550,시작 전
아우라공인중개사사무소,광주광역시 광산구 하남동 975 1층,010-2827-9750,시작 전
세종부동산중개사무소,전라남도 나주시 빛가람동 196-4 121호,010-4600-2375,시작 전
첨단자이공인중개사사무소,"광주광역시 북구 신용동 863 지2층 104호(신용동,첨단자이2차근린생활시설동)",010-8612-5660,시작 전
상지공인중개사무소,광주광역시 광산구 쌍암동 688-4 폭스존222,010-3114-5494,시작 전
건탑공인중개사사무소,광주광역시 북구 연제동 483-23,010-8280-7602,시작 전
첨단2지구 탑 공인중개사 사무소,광주광역시 북구 신용동 671 중흥S클래스 후문상가 121동 104호,010-8619-5348,시작 전
선우공인중개사사무소,광주광역시 광산구 오선동 545-1,010-6273-5661,시작 전
해피니스부동산공인중개사사무소,"광주 북구 양산택지소로 20,상가동 비101호",010-7172-2597,시작 전
좋은이웃공인중개사사무소,광주광역시 서구 상무민주로64번길 3 1층 (쌍촌동),010-8949-8974,시작 전
믿음공인중개사사무소,광주광역시 북구 양산동 660-100,010-9886-9626,시작 전
더센텀공인중개사사무소,광주 북구 연제동1011 산업시설동 137호(연제동),010-5687-4686,시작 전
첨단포스코공인중개사사무소,"광주 북구 첨단연신로 284,산업시설동 147호",010-3161-5179,시작 전
중해공인중개사사무소,광주광역시 북구 오룡동 1110-43,010-2628-2119,시작 전
오복공인중개사사무소,"광주광역시 광산구 임방울대로825번길 60-3(쌍암동),103호",010-3614-8456,시작 전
에덴공인중개사사무소,"광주광역시 서구 상무연하로 63(치평동),1층",010-6639-2244,시작 전
부동산생각 공인중개사 사무소,광주광역시 광산구 신창동 1121 112호,010-2610-0395,시작 전
행복한공인중개사사무소,광주광역시 북구 첨단과기로208번길 43-10 117호 (오룡동),010-9235-9968,시작 전
다오름 부동산 중개,광주광역시 북구 오룡동 1110-22,010-2647-8264,시작 전
더 센텀공인중개사 사무소,광주광역시 북구 연제동 1011,010-5687-4686,시작 전
중해공인중개사사무소,광주광역시 북구 오룡동 1110-43 와이어스파크 R동 107호,010-2628-2119,시작 전
채태옥공인중개사사무소,광주광역시 광산구 월곡동 490-1,010-2691-7969,시작 전
백억공인중개사사무소,광주광역시 광산구 운남동 424-7,010-3051-1700,시작 전
허드슨공인중개사사무소,광주광역시 북구 연제동 1041 103호,010-3609-1141,시작 전
에이스공인중개사사무소,광주광역시 서구 치평동 1168-1 상무쇼핑프라자103호,010-4616-4450,시작 전
보람공인중개사무소,광주광역시 광산구 쌍암동 688-2 상가동 125호,010-9618-7147,시작 전
마루힐공인중개사사무소,광주광역시 광산구 쌍암동 689-1,010-2866-7652,시작 전
첨단 조은공인중개사사무소,광주광역시 광산구 쌍암동 688-2 첨단대라수5차상가 1층 119호,010-5817-1469,시작 전
미나리공인중개사사무소,광주광역시 북구 오룡동 1110-22 1층 144호,010-2305-9985,시작 전
첨단오션공인중개사사무소,광주광역시 광산구 월계동 893-9,062-972-5529,시작 전
첨단 힐 공인중개사사무소,광주광역시 북구 오룡동 1110-22,062-951-8090,시작 전
부동산마켓1공인중개사사무소,광주광역시 북구 용봉동 159-10 1층,010-9082-5566,시작 전
대지공인중개사사무소,광주광역시 북구 오치동 967-3,010-8572-8985,시작 전
하나공인중개사사무소,광주광역시 북구 오치동 862-14 삼익아파트 상가 4호,010-9191-5788,시작 전
부경공인중개사사무소,광주광역시 북구 오치동 862-10 (대광원룸상가 104호),010-7997-8585,시작 전
명가공인중개사사무소,광주광역시 북구 삼각동 835,010-4618-0506,시작 전
스카이원공인중개사무소,"광주광역시 서구 내방로251번길 9 110호 (쌍촌동, 광명하이츠타운)",010-3153-3382,시작 전
성원공인중개사사무소,광주광역시 북구 용봉동 1074-6 한신아파트상가 102호 성원부동산 (용봉동),010-8605-9764,시작 전
모아공인중개사사무소,광주광역시 북구 용봉동 1406-1 상가동 제111호,010-6606-4155,시작 전
준공인중개사사무소,광주광역시 북구 용봉동 1227-21,010-3602-4833,시작 전
신공인중개사사무소,광주광역시 서구 치평동 1217-9 9층 161호,010-3711-4796,시작 전
반석공인중개사사무소,광주광역시 북구 천변우로 11-1 상가동 104호,010-4601-5120,시작 전
광주1번공인중개사사무소,광주광역시 북구 운암동 110-56 1층 광주1번공인중개사사무소,010-4445-0363,시작 전
현대공인중개사사무소,광주광역시 북구 운암동 1058-3 우미상가106호,010-2680-7181,시작 전
태봉공인중개사사무소,광주광역시 북구 용봉동 1102-6,010-6605-7171,시작 전
애플공인중개사사무소,광주광역시 북구 운암1동 69 운암동 벽산블루밍아파트3단지 306동 상가 109호,010-3643-1499,시작 전
공인중개사사무소명백,광주광역시 북구 설죽로171번길 7 2층 1호,010-4075-4000,시작 전
광주공인중개사사무소,광주광역시 북구 유동길 46 2-104호 광주공인중개사사무소,010-7980-8244,시작 전
양지공인중개사사무소,광주광역시 서구 상무대로868번길 28 1층 (쌍촌동),010-9601-9250,시작 전
제니스공인중개사사무소,광주시 북구 유동 34-3,010-5799-0100,시작 전
미소부동산중개사무소,광주광역시 북구 유동 106-8,010-8465-2016,시작 전
미소공인중개사사무소,광주광역시 북구 임동 632,010-9178-9096,시작 전
미소원 공인중개사사무소,광주광역시 북구 유동 106-8 경열로 223,010-7766-6099,시작 전
중흥두산중개사사무소,광주광역시 북구 임동 887 단지내상가 202동 1-125호,010-8545-4131,시작 전
박사공인중개사,광주광역시 서구 화정2동 965 금화로 383번길 10 상가114호 박사공인중개사사무소,010-7756-0728,시작 전
새가야공인중개사사무소,광주광역시 북구 오치동 1028-16 1층,010-9681-2100,시작 전
전대풍경채25공인중개사사무소,"광주 북구 우치로40번길 25,상가동 105호(중흥동, 제일풍경채센트럴파크)",010-9448-0378,시작 전
미스터홈즈부동산공인중개사사무소광주북동센터,광주광역시 북구 북동 22-1,010-2632-2454,시작 전
풍경채사랑방1공인중개사사무소,"광주 북구 당뫼로 52,1층",010-4178-6911,시작 전
청솔공인중개사사무소,광주광역시 북구 중흥동 344-3,010-8614-0585,시작 전
메타공인중개사사무소,광주광역시 동구 계림동 564-2,010-3391-0177,시작 전
늘푸른 부동산중개,광주광역시 북구 임동 60-15,010-4613-1993,시작 전
,,,시작 전
,,,시작 전
,,,시작 전
,,,시작 전
,,,시작 전